primary_type,community_area,crime_count
ARSON,,1317
ARSON,25,816
ARSON,23,535
ARSON,67,479
ARSON,68,415
ARSON,29,404
ARSON,19,397
ARSON,66,387
ARSON,61,378
ARSON,49,371
ARSON,30,351
ARSON,24,343
ARSON,71,317
ARSON,43,306
ARSON,22,306
ARSON,53,280
ARSON,69,279
ARSON,46,243
ARSON,26,239
ARSON,63,238
ARSON,58,214
ARSON,44,210
ARSON,27,186
ARSON,15,179
ARSON,16,174
ARSON,20,170
ARSON,21,165
ARSON,31,157
ARSON,42,145
ARSON,28,141
ARSON,73,133
ARSON,2,124
ARSON,60,119
ARSON,65,118
ARSON,6,117
ARSON,70,115
ARSON,52,111
ARSON,14,111
ARSON,56,110
ARSON,1,105
ARSON,38,101
ARSON,3,90
ARSON,51,90
ARSON,17,89
ARSON,8,84
ARSON,59,79
ARSON,40,79
ARSON,75,78
ARSON,77,69
ARSON,7,69
ARSON,45,67
ARSON,62,67
ARSON,57,62
ARSON,55,60
ARSON,32,58
ARSON,64,56
ARSON,10,56
ARSON,5,54
ARSON,35,48
ARSON,54,47
ARSON,48,46
ARSON,11,44
ARSON,34,43
ARSON,4,43
ARSON,18,43
ARSON,39,40
ARSON,13,40
ARSON,50,38
ARSON,37,37
ARSON,33,35
ARSON,47,31
ARSON,72,31
ARSON,41,30
ARSON,36,23
ARSON,74,16
ARSON,76,15
ARSON,9,13
ARSON,12,9
ASSAULT,,39823
ASSAULT,25,28907
ASSAULT,43,18114
ASSAULT,67,16127
ASSAULT,71,15613
ASSAULT,68,15546
ASSAULT,49,15315
ASSAULT,23,14679
ASSAULT,69,14311
ASSAULT,29,13953
ASSAULT,66,12644
ASSAULT,28,12622
ASSAULT,44,11541
ASSAULT,46,11403
ASSAULT,61,10984
ASSAULT,24,10530
ASSAULT,8,10086
ASSAULT,53,9501
ASSAULT,27,9431
ASSAULT,42,8757
ASSAULT,30,8694
ASSAULT,19,8538
ASSAULT,22,8036
ASSAULT,26,7816
ASSAULT,32,7730
ASSAULT,38,7545
ASSAULT,3,6813
ASSAULT,1,6812
ASSAULT,73,6258
ASSAULT,40,6004
ASSAULT,35,5356
ASSAULT,31,5339
ASSAULT,6,5273
ASSAULT,2,5236
ASSAULT,15,5213
ASSAULT,70,4665
ASSAULT,16,4486
ASSAULT,51,4275
ASSAULT,58,4248
ASSAULT,77,4228
ASSAULT,63,4170
ASSAULT,75,4128
ASSAULT,21,3937
ASSAULT,14,3723
ASSAULT,54,3502
ASSAULT,56,3339
ASSAULT,7,3259
ASSAULT,60,3235
ASSAULT,39,3128
ASSAULT,33,2988
ASSAULT,52,2950
ASSAULT,45,2915
ASSAULT,50,2869
ASSAULT,20,2783
ASSAULT,48,2717
ASSAULT,4,2683
ASSAULT,65,2642
ASSAULT,17,2634
ASSAULT,41,2543
ASSAULT,64,1856
ASSAULT,10,1829
ASSAULT,59,1823
ASSAULT,5,1790
ASSAULT,37,1739
ASSAULT,11,1725
ASSAULT,76,1682
ASSAULT,62,1473
ASSAULT,34,1439
ASSAULT,72,1439
ASSAULT,36,1393
ASSAULT,57,1381
ASSAULT,55,1274
ASSAULT,13,1208
ASSAULT,74,1134
ASSAULT,18,1012
ASSAULT,47,885
ASSAULT,12,656
ASSAULT,9,401
BATTERY,,118434
BATTERY,25,90742
BATTERY,43,52162
BATTERY,67,48452
BATTERY,68,46516
BATTERY,29,46034
BATTERY,23,44248
BATTERY,71,43235
BATTERY,49,40252
BATTERY,69,40208
BATTERY,66,34984
BATTERY,8,32957
BATTERY,28,31544
BATTERY,61,31105
BATTERY,44,30201
BATTERY,46,29246
BATTERY,27,28317
BATTERY,24,27664
BATTERY,26,26507
BATTERY,53,25495
BATTERY,30,24965
BATTERY,42,24462
BATTERY,19,23134
BATTERY,22,21867
BATTERY,38,21274
BATTERY,1,20521
BATTERY,40,18538
BATTERY,3,18007
BATTERY,6,17865
BATTERY,32,16116
BATTERY,73,15978
BATTERY,35,15255
BATTERY,2,14449
BATTERY,15,14250
BATTERY,16,13530
BATTERY,58,12770
BATTERY,31,12528
BATTERY,77,11815
BATTERY,14,11717
BATTERY,63,11462
BATTERY,70,10599
BATTERY,21,10560
BATTERY,75,10351
BATTERY,7,9992
BATTERY,54,9381
BATTERY,51,8855
BATTERY,20,8333
BATTERY,56,8169
BATTERY,33,7936
BATTERY,4,7804
BATTERY,39,7770
BATTERY,60,7337
BATTERY,45,7139
BATTERY,65,6938
BATTERY,17,6770
BATTERY,52,6651
BATTERY,48,6487
BATTERY,50,6240
BATTERY,41,5623
BATTERY,64,4557
BATTERY,10,4502
BATTERY,37,4364
BATTERY,59,4330
BATTERY,5,4302
BATTERY,76,4254
BATTERY,11,4210
BATTERY,34,4149
BATTERY,62,3631
BATTERY,57,3515
BATTERY,36,3494
BATTERY,13,3076
BATTERY,72,2902
BATTERY,55,2899
BATTERY,18,2749
BATTERY,74,2380
BATTERY,47,2143
BATTERY,12,1345
BATTERY,9,1181
BURGLARY,,32560
BURGLARY,43,17414
BURGLARY,25,17005
BURGLARY,24,15385
BURGLARY,71,13072
BURGLARY,66,12440
BURGLARY,67,12203
BURGLARY,49,11312
BURGLARY,22,11186
BURGLARY,68,10753
BURGLARY,6,10294
BURGLARY,69,9985
BURGLARY,44,9229
BURGLARY,19,9154
BURGLARY,23,9058
BURGLARY,46,8456
BURGLARY,53,8071
BURGLARY,7,8063
BURGLARY,29,7700
BURGLARY,61,7521
BURGLARY,42,6949
BURGLARY,28,6762
BURGLARY,2,6470
BURGLARY,16,6115
BURGLARY,15,5872
BURGLARY,8,5848
BURGLARY,1,5549
BURGLARY,70,5286
BURGLARY,30,5124
BURGLARY,38,5062
BURGLARY,73,5043
BURGLARY,21,5023
BURGLARY,58,4820
BURGLARY,63,4569
BURGLARY,27,4087
BURGLARY,3,4055
BURGLARY,40,4030
BURGLARY,14,4008
BURGLARY,77,3986
BURGLARY,5,3859
BURGLARY,65,3846
BURGLARY,26,3801
BURGLARY,56,3713
BURGLARY,60,3605
BURGLARY,17,3544
BURGLARY,75,3481
BURGLARY,4,3450
BURGLARY,31,3285
BURGLARY,41,3273
BURGLARY,20,2890
BURGLARY,51,2656
BURGLARY,48,2548
BURGLARY,62,2514
BURGLARY,32,2504
BURGLARY,52,2384
BURGLARY,45,2333
BURGLARY,39,2254
BURGLARY,72,2236
BURGLARY,64,2228
BURGLARY,13,2094
BURGLARY,57,2003
BURGLARY,59,1968
BURGLARY,10,1910
BURGLARY,11,1829
BURGLARY,35,1788
BURGLARY,12,1444
BURGLARY,33,1437
BURGLARY,54,1419
BURGLARY,18,1357
BURGLARY,50,1296
BURGLARY,34,1259
BURGLARY,55,1081
BURGLARY,47,868
BURGLARY,37,809
BURGLARY,36,789
BURGLARY,74,702
BURGLARY,76,481
BURGLARY,9,370
CONCEALED CARRY LICENSE VIOLATION,76,231
CONCEALED CARRY LICENSE VIOLATION,56,163
CONCEALED CARRY LICENSE VIOLATION,67,49
CONCEALED CARRY LICENSE VIOLATION,29,47
CONCEALED CARRY LICENSE VIOLATION,68,43
CONCEALED CARRY LICENSE VIOLATION,71,34
CONCEALED CARRY LICENSE VIOLATION,44,32
CONCEALED CARRY LICENSE VIOLATION,8,28
CONCEALED CARRY LICENSE VIOLATION,25,27
CONCEALED CARRY LICENSE VIOLATION,49,23
CONCEALED CARRY LICENSE VIOLATION,28,23
CONCEALED CARRY LICENSE VIOLATION,69,21
CONCEALED CARRY LICENSE VIOLATION,53,20
CONCEALED CARRY LICENSE VIOLATION,19,20
CONCEALED CARRY LICENSE VIOLATION,30,19
CONCEALED CARRY LICENSE VIOLATION,26,18
CONCEALED CARRY LICENSE VIOLATION,6,16
CONCEALED CARRY LICENSE VIOLATION,43,15
CONCEALED CARRY LICENSE VIOLATION,27,15
CONCEALED CARRY LICENSE VIOLATION,23,15
CONCEALED CARRY LICENSE VIOLATION,46,12
CONCEALED CARRY LICENSE VIOLATION,32,12
CONCEALED CARRY LICENSE VIOLATION,42,10
CONCEALED CARRY LICENSE VIOLATION,3,10
CONCEALED CARRY LICENSE VIOLATION,73,10
CONCEALED CARRY LICENSE VIOLATION,24,10
CONCEALED CARRY LICENSE VIOLATION,61,9
CONCEALED CARRY LICENSE VIOLATION,35,9
CONCEALED CARRY LICENSE VIOLATION,31,9
CONCEALED CARRY LICENSE VIOLATION,51,9
CONCEALED CARRY LICENSE VIOLATION,63,9
CONCEALED CARRY LICENSE VIOLATION,66,8
CONCEALED CARRY LICENSE VIOLATION,59,8
CONCEALED CARRY LICENSE VIOLATION,38,7
CONCEALED CARRY LICENSE VIOLATION,22,6
CONCEALED CARRY LICENSE VIOLATION,48,6
CONCEALED CARRY LICENSE VIOLATION,75,6
CONCEALED CARRY LICENSE VIOLATION,15,6
CONCEALED CARRY LICENSE VIOLATION,7,5
CONCEALED CARRY LICENSE VIOLATION,50,5
CONCEALED CARRY LICENSE VIOLATION,2,4
CONCEALED CARRY LICENSE VIOLATION,33,4
CONCEALED CARRY LICENSE VIOLATION,14,3
CONCEALED CARRY LICENSE VIOLATION,47,3
CONCEALED CARRY LICENSE VIOLATION,60,3
CONCEALED CARRY LICENSE VIOLATION,4,3
CONCEALED CARRY LICENSE VIOLATION,16,3
CONCEALED CARRY LICENSE VIOLATION,72,3
CONCEALED CARRY LICENSE VIOLATION,45,3
CONCEALED CARRY LICENSE VIOLATION,17,2
CONCEALED CARRY LICENSE VIOLATION,37,2
CONCEALED CARRY LICENSE VIOLATION,52,2
CONCEALED CARRY LICENSE VIOLATION,65,2
CONCEALED CARRY LICENSE VIOLATION,64,2
CONCEALED CARRY LICENSE VIOLATION,34,2
CONCEALED CARRY LICENSE VIOLATION,54,2
CONCEALED CARRY LICENSE VIOLATION,74,2
CONCEALED CARRY LICENSE VIOLATION,36,2
CONCEALED CARRY LICENSE VIOLATION,55,2
CONCEALED CARRY LICENSE VIOLATION,62,1
CONCEALED CARRY LICENSE VIOLATION,77,1
CONCEALED CARRY LICENSE VIOLATION,21,1
CONCEALED CARRY LICENSE VIOLATION,18,1
CONCEALED CARRY LICENSE VIOLATION,41,1
CONCEALED CARRY LICENSE VIOLATION,1,1
CONCEALED CARRY LICENSE VIOLATION,20,1
CONCEALED CARRY LICENSE VIOLATION,40,1
CONCEALED CARRY LICENSE VIOLATION,58,1
CONCEALED CARRY LICENSE VIOLATION,11,1
CONCEALED CARRY LICENSE VIOLATION,57,1
CRIM SEXUAL ASSAULT,,2065
CRIM SEXUAL ASSAULT,25,1689
CRIM SEXUAL ASSAULT,43,1003
CRIM SEXUAL ASSAULT,67,883
CRIM SEXUAL ASSAULT,68,835
CRIM SEXUAL ASSAULT,71,803
CRIM SEXUAL ASSAULT,49,796
CRIM SEXUAL ASSAULT,69,769
CRIM SEXUAL ASSAULT,8,764
CRIM SEXUAL ASSAULT,23,749
CRIM SEXUAL ASSAULT,29,746
CRIM SEXUAL ASSAULT,66,684
CRIM SEXUAL ASSAULT,28,654
CRIM SEXUAL ASSAULT,44,584
CRIM SEXUAL ASSAULT,24,578
CRIM SEXUAL ASSAULT,6,565
CRIM SEXUAL ASSAULT,61,561
CRIM SEXUAL ASSAULT,46,537
CRIM SEXUAL ASSAULT,53,516
CRIM SEXUAL ASSAULT,22,504
CRIM SEXUAL ASSAULT,19,488
CRIM SEXUAL ASSAULT,42,485
CRIM SEXUAL ASSAULT,30,481
CRIM SEXUAL ASSAULT,3,478
CRIM SEXUAL ASSAULT,1,445
CRIM SEXUAL ASSAULT,26,428
CRIM SEXUAL ASSAULT,27,413
CRIM SEXUAL ASSAULT,38,382
CRIM SEXUAL ASSAULT,32,338
CRIM SEXUAL ASSAULT,73,329
CRIM SEXUAL ASSAULT,7,309
CRIM SEXUAL ASSAULT,40,306
CRIM SEXUAL ASSAULT,16,296
CRIM SEXUAL ASSAULT,2,285
CRIM SEXUAL ASSAULT,77,267
CRIM SEXUAL ASSAULT,35,266
CRIM SEXUAL ASSAULT,58,265
CRIM SEXUAL ASSAULT,63,264
CRIM SEXUAL ASSAULT,15,260
CRIM SEXUAL ASSAULT,21,247
CRIM SEXUAL ASSAULT,14,243
CRIM SEXUAL ASSAULT,31,224
CRIM SEXUAL ASSAULT,70,220
CRIM SEXUAL ASSAULT,41,196
CRIM SEXUAL ASSAULT,75,182
CRIM SEXUAL ASSAULT,4,181
CRIM SEXUAL ASSAULT,20,174
CRIM SEXUAL ASSAULT,45,163
CRIM SEXUAL ASSAULT,51,162
CRIM SEXUAL ASSAULT,65,160
CRIM SEXUAL ASSAULT,48,160
CRIM SEXUAL ASSAULT,56,158
CRIM SEXUAL ASSAULT,39,158
CRIM SEXUAL ASSAULT,54,144
CRIM SEXUAL ASSAULT,60,142
CRIM SEXUAL ASSAULT,5,130
CRIM SEXUAL ASSAULT,33,117
CRIM SEXUAL ASSAULT,52,110
CRIM SEXUAL ASSAULT,50,104
CRIM SEXUAL ASSAULT,10,98
CRIM SEXUAL ASSAULT,17,96
CRIM SEXUAL ASSAULT,57,87
CRIM SEXUAL ASSAULT,37,84
CRIM SEXUAL ASSAULT,13,82
CRIM SEXUAL ASSAULT,62,80
CRIM SEXUAL ASSAULT,64,73
CRIM SEXUAL ASSAULT,59,68
CRIM SEXUAL ASSAULT,36,64
CRIM SEXUAL ASSAULT,11,60
CRIM SEXUAL ASSAULT,72,59
CRIM SEXUAL ASSAULT,76,52
CRIM SEXUAL ASSAULT,74,51
CRIM SEXUAL ASSAULT,55,48
CRIM SEXUAL ASSAULT,47,47
CRIM SEXUAL ASSAULT,34,46
CRIM SEXUAL ASSAULT,18,42
CRIM SEXUAL ASSAULT,12,24
CRIM SEXUAL ASSAULT,9,19
CRIMINAL DAMAGE,,71532
CRIMINAL DAMAGE,25,40881
CRIMINAL DAMAGE,43,28110
CRIMINAL DAMAGE,24,26856
CRIMINAL DAMAGE,67,23744
CRIMINAL DAMAGE,49,23494
CRIMINAL DAMAGE,71,23186
CRIMINAL DAMAGE,66,21613
CRIMINAL DAMAGE,23,20955
CRIMINAL DAMAGE,28,20585
CRIMINAL DAMAGE,68,20571
CRIMINAL DAMAGE,29,20153
CRIMINAL DAMAGE,69,19986
CRIMINAL DAMAGE,22,17966
CRIMINAL DAMAGE,19,17411
CRIMINAL DAMAGE,44,16880
CRIMINAL DAMAGE,46,16405
CRIMINAL DAMAGE,61,16087
CRIMINAL DAMAGE,8,15976
CRIMINAL DAMAGE,53,15765
CRIMINAL DAMAGE,6,14490
CRIMINAL DAMAGE,30,14419
CRIMINAL DAMAGE,2,13655
CRIMINAL DAMAGE,15,13272
CRIMINAL DAMAGE,1,13162
CRIMINAL DAMAGE,42,12760
CRIMINAL DAMAGE,7,12707
CRIMINAL DAMAGE,16,12161
CRIMINAL DAMAGE,27,11561
CRIMINAL DAMAGE,26,10999
CRIMINAL DAMAGE,73,10740
CRIMINAL DAMAGE,38,10711
CRIMINAL DAMAGE,70,10084
CRIMINAL DAMAGE,58,9833
CRIMINAL DAMAGE,31,9829
CRIMINAL DAMAGE,3,9782
CRIMINAL DAMAGE,63,9438
CRIMINAL DAMAGE,56,9312
CRIMINAL DAMAGE,14,9174
CRIMINAL DAMAGE,21,8741
CRIMINAL DAMAGE,32,8688
CRIMINAL DAMAGE,40,8388
CRIMINAL DAMAGE,65,8087
CRIMINAL DAMAGE,60,8012
CRIMINAL DAMAGE,77,7862
CRIMINAL DAMAGE,17,7576
CRIMINAL DAMAGE,75,7174
CRIMINAL DAMAGE,4,7088
CRIMINAL DAMAGE,52,6867
CRIMINAL DAMAGE,51,6549
CRIMINAL DAMAGE,35,5995
CRIMINAL DAMAGE,5,5603
CRIMINAL DAMAGE,64,5373
CRIMINAL DAMAGE,20,5367
CRIMINAL DAMAGE,10,5238
CRIMINAL DAMAGE,48,5119
CRIMINAL DAMAGE,62,4949
CRIMINAL DAMAGE,41,4734
CRIMINAL DAMAGE,59,4708
CRIMINAL DAMAGE,39,4701
CRIMINAL DAMAGE,54,4496
CRIMINAL DAMAGE,11,4472
CRIMINAL DAMAGE,33,4279
CRIMINAL DAMAGE,57,4201
CRIMINAL DAMAGE,45,4191
CRIMINAL DAMAGE,72,3729
CRIMINAL DAMAGE,50,3480
CRIMINAL DAMAGE,76,3371
CRIMINAL DAMAGE,13,3355
CRIMINAL DAMAGE,34,3196
CRIMINAL DAMAGE,18,2684
CRIMINAL DAMAGE,55,2532
CRIMINAL DAMAGE,74,2515
CRIMINAL DAMAGE,12,2433
CRIMINAL DAMAGE,37,2141
CRIMINAL DAMAGE,36,2032
CRIMINAL DAMAGE,47,1535
CRIMINAL DAMAGE,9,1342
CRIMINAL SEXUAL ASSAULT,8,497
CRIMINAL SEXUAL ASSAULT,25,395
CRIMINAL SEXUAL ASSAULT,43,261
CRIMINAL SEXUAL ASSAULT,28,212
CRIMINAL SEXUAL ASSAULT,6,210
CRIMINAL SEXUAL ASSAULT,29,206
CRIMINAL SEXUAL ASSAULT,23,173
CRIMINAL SEXUAL ASSAULT,32,171
CRIMINAL SEXUAL ASSAULT,24,171
CRIMINAL SEXUAL ASSAULT,68,165
CRIMINAL SEXUAL ASSAULT,66,161
CRIMINAL SEXUAL ASSAULT,49,158
CRIMINAL SEXUAL ASSAULT,71,157
CRIMINAL SEXUAL ASSAULT,1,156
CRIMINAL SEXUAL ASSAULT,69,155
CRIMINAL SEXUAL ASSAULT,67,153
CRIMINAL SEXUAL ASSAULT,3,146
CRIMINAL SEXUAL ASSAULT,30,139
CRIMINAL SEXUAL ASSAULT,26,127
CRIMINAL SEXUAL ASSAULT,44,120
CRIMINAL SEXUAL ASSAULT,19,119
CRIMINAL SEXUAL ASSAULT,27,115
CRIMINAL SEXUAL ASSAULT,22,109
CRIMINAL SEXUAL ASSAULT,61,108
CRIMINAL SEXUAL ASSAULT,46,107
CRIMINAL SEXUAL ASSAULT,77,106
CRIMINAL SEXUAL ASSAULT,42,98
CRIMINAL SEXUAL ASSAULT,7,89
CRIMINAL SEXUAL ASSAULT,4,88
CRIMINAL SEXUAL ASSAULT,2,86
CRIMINAL SEXUAL ASSAULT,14,86
CRIMINAL SEXUAL ASSAULT,53,82
CRIMINAL SEXUAL ASSAULT,15,79
CRIMINAL SEXUAL ASSAULT,31,77
CRIMINAL SEXUAL ASSAULT,73,75
CRIMINAL SEXUAL ASSAULT,16,75
CRIMINAL SEXUAL ASSAULT,38,72
CRIMINAL SEXUAL ASSAULT,63,72
CRIMINAL SEXUAL ASSAULT,41,70
CRIMINAL SEXUAL ASSAULT,35,70
CRIMINAL SEXUAL ASSAULT,58,64
CRIMINAL SEXUAL ASSAULT,33,59
CRIMINAL SEXUAL ASSAULT,40,57
CRIMINAL SEXUAL ASSAULT,70,50
CRIMINAL SEXUAL ASSAULT,21,47
CRIMINAL SEXUAL ASSAULT,65,45
CRIMINAL SEXUAL ASSAULT,20,42
CRIMINAL SEXUAL ASSAULT,39,41
CRIMINAL SEXUAL ASSAULT,48,39
CRIMINAL SEXUAL ASSAULT,60,38
CRIMINAL SEXUAL ASSAULT,56,38
CRIMINAL SEXUAL ASSAULT,75,30
CRIMINAL SEXUAL ASSAULT,17,29
CRIMINAL SEXUAL ASSAULT,54,29
CRIMINAL SEXUAL ASSAULT,11,28
CRIMINAL SEXUAL ASSAULT,5,28
CRIMINAL SEXUAL ASSAULT,76,28
CRIMINAL SEXUAL ASSAULT,57,28
CRIMINAL SEXUAL ASSAULT,59,27
CRIMINAL SEXUAL ASSAULT,10,26
CRIMINAL SEXUAL ASSAULT,51,24
CRIMINAL SEXUAL ASSAULT,50,23
CRIMINAL SEXUAL ASSAULT,13,23
CRIMINAL SEXUAL ASSAULT,52,23
CRIMINAL SEXUAL ASSAULT,45,22
CRIMINAL SEXUAL ASSAULT,36,19
CRIMINAL SEXUAL ASSAULT,64,19
CRIMINAL SEXUAL ASSAULT,62,18
CRIMINAL SEXUAL ASSAULT,72,18
CRIMINAL SEXUAL ASSAULT,34,16
CRIMINAL SEXUAL ASSAULT,37,15
CRIMINAL SEXUAL ASSAULT,,15
CRIMINAL SEXUAL ASSAULT,18,12
CRIMINAL SEXUAL ASSAULT,12,12
CRIMINAL SEXUAL ASSAULT,47,11
CRIMINAL SEXUAL ASSAULT,55,10
CRIMINAL SEXUAL ASSAULT,74,10
CRIMINAL SEXUAL ASSAULT,9,8
CRIMINAL TRESPASS,,17238
CRIMINAL TRESPASS,8,13815
CRIMINAL TRESPASS,28,10354
CRIMINAL TRESPASS,25,8196
CRIMINAL TRESPASS,32,8052
CRIMINAL TRESPASS,33,7422
CRIMINAL TRESPASS,35,6158
CRIMINAL TRESPASS,69,5849
CRIMINAL TRESPASS,43,5763
CRIMINAL TRESPASS,71,5528
CRIMINAL TRESPASS,42,5045
CRIMINAL TRESPASS,49,4753
CRIMINAL TRESPASS,24,4348
CRIMINAL TRESPASS,6,4193
CRIMINAL TRESPASS,1,4136
CRIMINAL TRESPASS,29,4080
CRIMINAL TRESPASS,68,4075
CRIMINAL TRESPASS,67,4045
CRIMINAL TRESPASS,3,4002
CRIMINAL TRESPASS,44,3949
CRIMINAL TRESPASS,66,3651
CRIMINAL TRESPASS,23,3645
CRIMINAL TRESPASS,76,3617
CRIMINAL TRESPASS,7,3292
CRIMINAL TRESPASS,46,3096
CRIMINAL TRESPASS,38,3057
CRIMINAL TRESPASS,61,2860
CRIMINAL TRESPASS,22,2780
CRIMINAL TRESPASS,40,2646
CRIMINAL TRESPASS,27,2603
CRIMINAL TRESPASS,19,2477
CRIMINAL TRESPASS,77,2236
CRIMINAL TRESPASS,53,2163
CRIMINAL TRESPASS,26,2112
CRIMINAL TRESPASS,73,2076
CRIMINAL TRESPASS,15,1944
CRIMINAL TRESPASS,2,1924
CRIMINAL TRESPASS,30,1832
CRIMINAL TRESPASS,5,1787
CRIMINAL TRESPASS,31,1662
CRIMINAL TRESPASS,16,1600
CRIMINAL TRESPASS,14,1529
CRIMINAL TRESPASS,75,1418
CRIMINAL TRESPASS,56,1390
CRIMINAL TRESPASS,4,1354
CRIMINAL TRESPASS,51,1322
CRIMINAL TRESPASS,21,1278
CRIMINAL TRESPASS,70,1234
CRIMINAL TRESPASS,41,1151
CRIMINAL TRESPASS,34,1120
CRIMINAL TRESPASS,60,1105
CRIMINAL TRESPASS,63,1098
CRIMINAL TRESPASS,37,1089
CRIMINAL TRESPASS,39,1077
CRIMINAL TRESPASS,58,1041
CRIMINAL TRESPASS,54,1027
CRIMINAL TRESPASS,17,891
CRIMINAL TRESPASS,50,829
CRIMINAL TRESPASS,10,813
CRIMINAL TRESPASS,11,780
CRIMINAL TRESPASS,65,776
CRIMINAL TRESPASS,48,747
CRIMINAL TRESPASS,72,724
CRIMINAL TRESPASS,45,674
CRIMINAL TRESPASS,20,663
CRIMINAL TRESPASS,52,639
CRIMINAL TRESPASS,36,584
CRIMINAL TRESPASS,13,553
CRIMINAL TRESPASS,62,547
CRIMINAL TRESPASS,59,509
CRIMINAL TRESPASS,64,484
CRIMINAL TRESPASS,74,473
CRIMINAL TRESPASS,57,345
CRIMINAL TRESPASS,55,328
CRIMINAL TRESPASS,12,316
CRIMINAL TRESPASS,18,235
CRIMINAL TRESPASS,9,196
CRIMINAL TRESPASS,47,191
DECEPTIVE PRACTICE,8,25997
DECEPTIVE PRACTICE,32,21158
DECEPTIVE PRACTICE,,17621
DECEPTIVE PRACTICE,25,13381
DECEPTIVE PRACTICE,6,12650
DECEPTIVE PRACTICE,28,12302
DECEPTIVE PRACTICE,24,9374
DECEPTIVE PRACTICE,7,8422
DECEPTIVE PRACTICE,43,8209
DECEPTIVE PRACTICE,44,7350
DECEPTIVE PRACTICE,3,7297
DECEPTIVE PRACTICE,71,6907
DECEPTIVE PRACTICE,22,6486
DECEPTIVE PRACTICE,49,6295
DECEPTIVE PRACTICE,69,5842
DECEPTIVE PRACTICE,66,5565
DECEPTIVE PRACTICE,19,5515
DECEPTIVE PRACTICE,2,5391
DECEPTIVE PRACTICE,23,5221
DECEPTIVE PRACTICE,1,5140
DECEPTIVE PRACTICE,15,4979
DECEPTIVE PRACTICE,77,4964
DECEPTIVE PRACTICE,29,4759
DECEPTIVE PRACTICE,67,4616
DECEPTIVE PRACTICE,26,4567
DECEPTIVE PRACTICE,68,4269
DECEPTIVE PRACTICE,56,4259
DECEPTIVE PRACTICE,76,3934
DECEPTIVE PRACTICE,33,3866
DECEPTIVE PRACTICE,61,3785
DECEPTIVE PRACTICE,46,3784
DECEPTIVE PRACTICE,73,3753
DECEPTIVE PRACTICE,16,3625
DECEPTIVE PRACTICE,70,3582
DECEPTIVE PRACTICE,27,3529
DECEPTIVE PRACTICE,4,3436
DECEPTIVE PRACTICE,42,3404
DECEPTIVE PRACTICE,38,3358
DECEPTIVE PRACTICE,53,3336
DECEPTIVE PRACTICE,35,3236
DECEPTIVE PRACTICE,41,3225
DECEPTIVE PRACTICE,30,3222
DECEPTIVE PRACTICE,5,3216
DECEPTIVE PRACTICE,21,3205
DECEPTIVE PRACTICE,75,3124
DECEPTIVE PRACTICE,17,2917
DECEPTIVE PRACTICE,10,2788
DECEPTIVE PRACTICE,14,2685
DECEPTIVE PRACTICE,31,2672
DECEPTIVE PRACTICE,65,2481
DECEPTIVE PRACTICE,58,2394
DECEPTIVE PRACTICE,72,2308
DECEPTIVE PRACTICE,11,2223
DECEPTIVE PRACTICE,60,2193
DECEPTIVE PRACTICE,39,2087
DECEPTIVE PRACTICE,51,2030
DECEPTIVE PRACTICE,63,2003
DECEPTIVE PRACTICE,34,1988
DECEPTIVE PRACTICE,48,1945
DECEPTIVE PRACTICE,64,1849
DECEPTIVE PRACTICE,40,1763
DECEPTIVE PRACTICE,45,1604
DECEPTIVE PRACTICE,20,1570
DECEPTIVE PRACTICE,13,1486
DECEPTIVE PRACTICE,74,1409
DECEPTIVE PRACTICE,62,1394
DECEPTIVE PRACTICE,12,1320
DECEPTIVE PRACTICE,57,1224
DECEPTIVE PRACTICE,50,1191
DECEPTIVE PRACTICE,52,1178
DECEPTIVE PRACTICE,59,1153
DECEPTIVE PRACTICE,37,1134
DECEPTIVE PRACTICE,18,890
DECEPTIVE PRACTICE,55,741
DECEPTIVE PRACTICE,9,716
DECEPTIVE PRACTICE,36,674
DECEPTIVE PRACTICE,54,596
DECEPTIVE PRACTICE,47,320
DOMESTIC VIOLENCE,,1
GAMBLING,25,2427
GAMBLING,,1124
GAMBLING,29,1034
GAMBLING,23,928
GAMBLING,67,810
GAMBLING,68,620
GAMBLING,43,509
GAMBLING,27,508
GAMBLING,71,500
GAMBLING,66,483
GAMBLING,26,456
GAMBLING,42,443
GAMBLING,61,385
GAMBLING,49,364
GAMBLING,69,347
GAMBLING,40,264
GAMBLING,38,230
GAMBLING,28,221
GAMBLING,46,206
GAMBLING,44,199
GAMBLING,53,183
GAMBLING,1,169
GAMBLING,73,157
GAMBLING,35,131
GAMBLING,8,106
GAMBLING,24,98
GAMBLING,3,96
GAMBLING,34,88
GAMBLING,2,73
GAMBLING,39,69
GAMBLING,51,66
GAMBLING,70,64
GAMBLING,75,64
GAMBLING,14,63
GAMBLING,19,61
GAMBLING,4,56
GAMBLING,47,55
GAMBLING,77,52
GAMBLING,37,49
GAMBLING,16,45
GAMBLING,54,44
GAMBLING,30,43
GAMBLING,17,39
GAMBLING,48,38
GAMBLING,63,38
GAMBLING,45,36
GAMBLING,56,35
GAMBLING,33,33
GAMBLING,41,32
GAMBLING,15,31
GAMBLING,5,31
GAMBLING,22,30
GAMBLING,21,29
GAMBLING,13,29
GAMBLING,50,28
GAMBLING,36,28
GAMBLING,65,27
GAMBLING,32,20
GAMBLING,60,20
GAMBLING,58,18
GAMBLING,7,18
GAMBLING,6,18
GAMBLING,64,17
GAMBLING,11,17
GAMBLING,10,14
GAMBLING,18,13
GAMBLING,12,13
GAMBLING,55,11
GAMBLING,59,11
GAMBLING,20,10
GAMBLING,31,9
GAMBLING,57,8
GAMBLING,62,8
GAMBLING,52,7
GAMBLING,9,4
GAMBLING,72,4
GAMBLING,74,3
GAMBLING,76,1
HOMICIDE,25,1062
HOMICIDE,23,549
HOMICIDE,29,538
HOMICIDE,43,529
HOMICIDE,68,527
HOMICIDE,67,520
HOMICIDE,69,467
HOMICIDE,71,436
HOMICIDE,49,431
HOMICIDE,26,417
HOMICIDE,61,386
HOMICIDE,,380
HOMICIDE,44,362
HOMICIDE,66,358
HOMICIDE,30,339
HOMICIDE,27,336
HOMICIDE,53,326
HOMICIDE,46,320
HOMICIDE,28,254
HOMICIDE,42,218
HOMICIDE,38,199
HOMICIDE,24,190
HOMICIDE,73,189
HOMICIDE,40,186
HOMICIDE,58,163
HOMICIDE,63,158
HOMICIDE,22,154
HOMICIDE,19,150
HOMICIDE,31,143
HOMICIDE,8,128
HOMICIDE,1,116
HOMICIDE,3,104
HOMICIDE,51,101
HOMICIDE,35,99
HOMICIDE,75,98
HOMICIDE,54,97
HOMICIDE,70,93
HOMICIDE,14,81
HOMICIDE,21,79
HOMICIDE,45,75
HOMICIDE,2,67
HOMICIDE,56,60
HOMICIDE,16,59
HOMICIDE,48,56
HOMICIDE,77,56
HOMICIDE,52,52
HOMICIDE,20,51
HOMICIDE,33,51
HOMICIDE,37,50
HOMICIDE,50,47
HOMICIDE,60,46
HOMICIDE,15,46
HOMICIDE,39,45
HOMICIDE,6,43
HOMICIDE,65,40
HOMICIDE,59,39
HOMICIDE,32,39
HOMICIDE,34,30
HOMICIDE,47,30
HOMICIDE,41,30
HOMICIDE,62,30
HOMICIDE,36,28
HOMICIDE,57,27
HOMICIDE,17,27
HOMICIDE,5,22
HOMICIDE,7,21
HOMICIDE,4,20
HOMICIDE,64,20
HOMICIDE,13,17
HOMICIDE,11,16
HOMICIDE,55,16
HOMICIDE,72,15
HOMICIDE,18,14
HOMICIDE,10,9
HOMICIDE,76,5
HOMICIDE,12,5
HOMICIDE,9,4
HOMICIDE,74,3
HUMAN TRAFFICKING,28,7
HUMAN TRAFFICKING,71,7
HUMAN TRAFFICKING,69,7
HUMAN TRAFFICKING,25,6
HUMAN TRAFFICKING,67,6
HUMAN TRAFFICKING,32,4
HUMAN TRAFFICKING,26,4
HUMAN TRAFFICKING,40,4
HUMAN TRAFFICKING,49,4
HUMAN TRAFFICKING,44,3
HUMAN TRAFFICKING,29,3
HUMAN TRAFFICKING,38,3
HUMAN TRAFFICKING,15,3
HUMAN TRAFFICKING,8,3
HUMAN TRAFFICKING,54,2
HUMAN TRAFFICKING,46,2
HUMAN TRAFFICKING,23,2
HUMAN TRAFFICKING,41,2
HUMAN TRAFFICKING,51,2
HUMAN TRAFFICKING,11,2
HUMAN TRAFFICKING,30,1
HUMAN TRAFFICKING,58,1
HUMAN TRAFFICKING,37,1
HUMAN TRAFFICKING,59,1
HUMAN TRAFFICKING,73,1
HUMAN TRAFFICKING,1,1
HUMAN TRAFFICKING,43,1
HUMAN TRAFFICKING,52,1
HUMAN TRAFFICKING,18,1
HUMAN TRAFFICKING,7,1
HUMAN TRAFFICKING,22,1
HUMAN TRAFFICKING,35,1
HUMAN TRAFFICKING,60,1
HUMAN TRAFFICKING,14,1
HUMAN TRAFFICKING,13,1
HUMAN TRAFFICKING,20,1
HUMAN TRAFFICKING,6,1
HUMAN TRAFFICKING,19,1
HUMAN TRAFFICKING,68,1
HUMAN TRAFFICKING,24,1
HUMAN TRAFFICKING,53,1
HUMAN TRAFFICKING,10,1
HUMAN TRAFFICKING,63,1
HUMAN TRAFFICKING,27,1
HUMAN TRAFFICKING,42,1
INTERFERENCE WITH PUBLIC OFFICER,25,1719
INTERFERENCE WITH PUBLIC OFFICER,23,868
INTERFERENCE WITH PUBLIC OFFICER,67,855
INTERFERENCE WITH PUBLIC OFFICER,71,753
INTERFERENCE WITH PUBLIC OFFICER,49,679
INTERFERENCE WITH PUBLIC OFFICER,26,667
INTERFERENCE WITH PUBLIC OFFICER,29,658
INTERFERENCE WITH PUBLIC OFFICER,68,634
INTERFERENCE WITH PUBLIC OFFICER,43,613
INTERFERENCE WITH PUBLIC OFFICER,69,595
INTERFERENCE WITH PUBLIC OFFICER,61,526
INTERFERENCE WITH PUBLIC OFFICER,8,520
INTERFERENCE WITH PUBLIC OFFICER,27,512
INTERFERENCE WITH PUBLIC OFFICER,,506
INTERFERENCE WITH PUBLIC OFFICER,66,497
INTERFERENCE WITH PUBLIC OFFICER,46,426
INTERFERENCE WITH PUBLIC OFFICER,44,404
INTERFERENCE WITH PUBLIC OFFICER,53,399
INTERFERENCE WITH PUBLIC OFFICER,42,393
INTERFERENCE WITH PUBLIC OFFICER,19,380
INTERFERENCE WITH PUBLIC OFFICER,28,308
INTERFERENCE WITH PUBLIC OFFICER,1,307
INTERFERENCE WITH PUBLIC OFFICER,30,256
INTERFERENCE WITH PUBLIC OFFICER,32,247
INTERFERENCE WITH PUBLIC OFFICER,24,247
INTERFERENCE WITH PUBLIC OFFICER,73,219
INTERFERENCE WITH PUBLIC OFFICER,38,213
INTERFERENCE WITH PUBLIC OFFICER,22,195
INTERFERENCE WITH PUBLIC OFFICER,3,188
INTERFERENCE WITH PUBLIC OFFICER,40,183
INTERFERENCE WITH PUBLIC OFFICER,6,171
INTERFERENCE WITH PUBLIC OFFICER,2,144
INTERFERENCE WITH PUBLIC OFFICER,58,143
INTERFERENCE WITH PUBLIC OFFICER,15,141
INTERFERENCE WITH PUBLIC OFFICER,75,141
INTERFERENCE WITH PUBLIC OFFICER,35,138
INTERFERENCE WITH PUBLIC OFFICER,20,137
INTERFERENCE WITH PUBLIC OFFICER,63,134
INTERFERENCE WITH PUBLIC OFFICER,51,130
INTERFERENCE WITH PUBLIC OFFICER,14,120
INTERFERENCE WITH PUBLIC OFFICER,37,119
INTERFERENCE WITH PUBLIC OFFICER,31,115
INTERFERENCE WITH PUBLIC OFFICER,33,111
INTERFERENCE WITH PUBLIC OFFICER,50,111
INTERFERENCE WITH PUBLIC OFFICER,54,98
INTERFERENCE WITH PUBLIC OFFICER,16,98
INTERFERENCE WITH PUBLIC OFFICER,21,82
INTERFERENCE WITH PUBLIC OFFICER,56,80
INTERFERENCE WITH PUBLIC OFFICER,45,79
INTERFERENCE WITH PUBLIC OFFICER,77,79
INTERFERENCE WITH PUBLIC OFFICER,48,75
INTERFERENCE WITH PUBLIC OFFICER,60,74
INTERFERENCE WITH PUBLIC OFFICER,52,71
INTERFERENCE WITH PUBLIC OFFICER,70,70
INTERFERENCE WITH PUBLIC OFFICER,4,60
INTERFERENCE WITH PUBLIC OFFICER,7,60
INTERFERENCE WITH PUBLIC OFFICER,5,56
INTERFERENCE WITH PUBLIC OFFICER,17,52
INTERFERENCE WITH PUBLIC OFFICER,34,49
INTERFERENCE WITH PUBLIC OFFICER,11,48
INTERFERENCE WITH PUBLIC OFFICER,76,46
INTERFERENCE WITH PUBLIC OFFICER,59,46
INTERFERENCE WITH PUBLIC OFFICER,65,44
INTERFERENCE WITH PUBLIC OFFICER,41,36
INTERFERENCE WITH PUBLIC OFFICER,62,34
INTERFERENCE WITH PUBLIC OFFICER,39,32
INTERFERENCE WITH PUBLIC OFFICER,64,31
INTERFERENCE WITH PUBLIC OFFICER,10,28
INTERFERENCE WITH PUBLIC OFFICER,72,28
INTERFERENCE WITH PUBLIC OFFICER,47,24
INTERFERENCE WITH PUBLIC OFFICER,55,23
INTERFERENCE WITH PUBLIC OFFICER,57,21
INTERFERENCE WITH PUBLIC OFFICER,13,21
INTERFERENCE WITH PUBLIC OFFICER,36,18
INTERFERENCE WITH PUBLIC OFFICER,18,18
INTERFERENCE WITH PUBLIC OFFICER,74,16
INTERFERENCE WITH PUBLIC OFFICER,12,12
INTERFERENCE WITH PUBLIC OFFICER,9,3
INTIMIDATION,,366
INTIMIDATION,25,178
INTIMIDATION,30,167
INTIMIDATION,28,157
INTIMIDATION,8,137
INTIMIDATION,32,131
INTIMIDATION,19,130
INTIMIDATION,43,118
INTIMIDATION,71,117
INTIMIDATION,24,115
INTIMIDATION,49,108
INTIMIDATION,46,102
INTIMIDATION,61,96
INTIMIDATION,68,94
INTIMIDATION,23,87
INTIMIDATION,6,86
INTIMIDATION,69,86
INTIMIDATION,67,86
INTIMIDATION,22,82
INTIMIDATION,42,80
INTIMIDATION,29,80
INTIMIDATION,66,80
INTIMIDATION,27,79
INTIMIDATION,53,76
INTIMIDATION,44,70
INTIMIDATION,15,68
INTIMIDATION,58,65
INTIMIDATION,1,65
INTIMIDATION,50,61
INTIMIDATION,31,59
INTIMIDATION,35,57
INTIMIDATION,3,56
INTIMIDATION,14,56
INTIMIDATION,2,55
INTIMIDATION,16,52
INTIMIDATION,60,52
INTIMIDATION,38,49
INTIMIDATION,63,49
INTIMIDATION,77,46
INTIMIDATION,75,46
INTIMIDATION,70,45
INTIMIDATION,5,44
INTIMIDATION,26,42
INTIMIDATION,4,38
INTIMIDATION,51,36
INTIMIDATION,7,36
INTIMIDATION,73,36
INTIMIDATION,56,35
INTIMIDATION,37,34
INTIMIDATION,40,34
INTIMIDATION,65,33
INTIMIDATION,33,32
INTIMIDATION,17,32
INTIMIDATION,21,31
INTIMIDATION,52,31
INTIMIDATION,10,27
INTIMIDATION,59,27
INTIMIDATION,45,26
INTIMIDATION,48,25
INTIMIDATION,34,24
INTIMIDATION,11,23
INTIMIDATION,39,23
INTIMIDATION,64,21
INTIMIDATION,74,20
INTIMIDATION,20,19
INTIMIDATION,55,19
INTIMIDATION,41,19
INTIMIDATION,13,18
INTIMIDATION,72,18
INTIMIDATION,57,16
INTIMIDATION,18,14
INTIMIDATION,76,14
INTIMIDATION,54,13
INTIMIDATION,9,13
INTIMIDATION,62,12
INTIMIDATION,36,10
INTIMIDATION,12,5
INTIMIDATION,47,4
KIDNAPPING,,1177
KIDNAPPING,25,326
KIDNAPPING,49,211
KIDNAPPING,71,204
KIDNAPPING,43,197
KIDNAPPING,67,174
KIDNAPPING,66,174
KIDNAPPING,69,169
KIDNAPPING,19,164
KIDNAPPING,23,163
KIDNAPPING,46,151
KIDNAPPING,68,151
KIDNAPPING,44,145
KIDNAPPING,53,145
KIDNAPPING,22,132
KIDNAPPING,42,121
KIDNAPPING,73,119
KIDNAPPING,29,110
KIDNAPPING,61,108
KIDNAPPING,30,106
KIDNAPPING,75,104
KIDNAPPING,2,97
KIDNAPPING,15,95
KIDNAPPING,58,93
KIDNAPPING,74,89
KIDNAPPING,24,86
KIDNAPPING,70,85
KIDNAPPING,26,84
KIDNAPPING,52,83
KIDNAPPING,27,83
KIDNAPPING,16,77
KIDNAPPING,8,76
KIDNAPPING,72,76
KIDNAPPING,1,75
KIDNAPPING,28,73
KIDNAPPING,38,72
KIDNAPPING,17,68
KIDNAPPING,63,67
KIDNAPPING,10,65
KIDNAPPING,21,61
KIDNAPPING,65,61
KIDNAPPING,20,60
KIDNAPPING,40,58
KIDNAPPING,51,54
KIDNAPPING,7,53
KIDNAPPING,14,53
KIDNAPPING,35,52
KIDNAPPING,50,51
KIDNAPPING,60,50
KIDNAPPING,3,49
KIDNAPPING,48,48
KIDNAPPING,4,48
KIDNAPPING,56,43
KIDNAPPING,11,43
KIDNAPPING,31,42
KIDNAPPING,57,42
KIDNAPPING,45,41
KIDNAPPING,77,40
KIDNAPPING,32,39
KIDNAPPING,6,39
KIDNAPPING,5,36
KIDNAPPING,62,35
KIDNAPPING,39,32
KIDNAPPING,41,31
KIDNAPPING,12,30
KIDNAPPING,33,29
KIDNAPPING,54,29
KIDNAPPING,64,29
KIDNAPPING,59,21
KIDNAPPING,13,21
KIDNAPPING,55,20
KIDNAPPING,18,18
KIDNAPPING,37,18
KIDNAPPING,9,17
KIDNAPPING,76,13
KIDNAPPING,36,10
KIDNAPPING,34,7
KIDNAPPING,47,7
LIQUOR LAW VIOLATION,,2018
LIQUOR LAW VIOLATION,30,779
LIQUOR LAW VIOLATION,24,694
LIQUOR LAW VIOLATION,8,662
LIQUOR LAW VIOLATION,25,583
LIQUOR LAW VIOLATION,6,481
LIQUOR LAW VIOLATION,22,451
LIQUOR LAW VIOLATION,7,403
LIQUOR LAW VIOLATION,31,380
LIQUOR LAW VIOLATION,19,337
LIQUOR LAW VIOLATION,15,324
LIQUOR LAW VIOLATION,61,314
LIQUOR LAW VIOLATION,23,310
LIQUOR LAW VIOLATION,28,291
LIQUOR LAW VIOLATION,1,291
LIQUOR LAW VIOLATION,14,283
LIQUOR LAW VIOLATION,32,268
LIQUOR LAW VIOLATION,3,241
LIQUOR LAW VIOLATION,66,240
LIQUOR LAW VIOLATION,29,236
LIQUOR LAW VIOLATION,16,229
LIQUOR LAW VIOLATION,71,226
LIQUOR LAW VIOLATION,2,221
LIQUOR LAW VIOLATION,46,211
LIQUOR LAW VIOLATION,58,208
LIQUOR LAW VIOLATION,77,195
LIQUOR LAW VIOLATION,4,192
LIQUOR LAW VIOLATION,21,186
LIQUOR LAW VIOLATION,67,181
LIQUOR LAW VIOLATION,69,172
LIQUOR LAW VIOLATION,63,159
LIQUOR LAW VIOLATION,68,149
LIQUOR LAW VIOLATION,26,148
LIQUOR LAW VIOLATION,27,146
LIQUOR LAW VIOLATION,43,143
LIQUOR LAW VIOLATION,5,122
LIQUOR LAW VIOLATION,17,116
LIQUOR LAW VIOLATION,20,114
LIQUOR LAW VIOLATION,60,113
LIQUOR LAW VIOLATION,44,109
LIQUOR LAW VIOLATION,49,106
LIQUOR LAW VIOLATION,53,97
LIQUOR LAW VIOLATION,56,95
LIQUOR LAW VIOLATION,42,92
LIQUOR LAW VIOLATION,52,86
LIQUOR LAW VIOLATION,74,84
LIQUOR LAW VIOLATION,59,83
LIQUOR LAW VIOLATION,65,80
LIQUOR LAW VIOLATION,11,78
LIQUOR LAW VIOLATION,34,78
LIQUOR LAW VIOLATION,38,75
LIQUOR LAW VIOLATION,72,72
LIQUOR LAW VIOLATION,51,71
LIQUOR LAW VIOLATION,33,70
LIQUOR LAW VIOLATION,48,69
LIQUOR LAW VIOLATION,40,68
LIQUOR LAW VIOLATION,70,64
LIQUOR LAW VIOLATION,13,62
LIQUOR LAW VIOLATION,75,60
LIQUOR LAW VIOLATION,57,55
LIQUOR LAW VIOLATION,64,53
LIQUOR LAW VIOLATION,10,53
LIQUOR LAW VIOLATION,62,47
LIQUOR LAW VIOLATION,73,43
LIQUOR LAW VIOLATION,35,35
LIQUOR LAW VIOLATION,41,29
LIQUOR LAW VIOLATION,55,29
LIQUOR LAW VIOLATION,76,21
LIQUOR LAW VIOLATION,18,20
LIQUOR LAW VIOLATION,45,19
LIQUOR LAW VIOLATION,12,18
LIQUOR LAW VIOLATION,54,16
LIQUOR LAW VIOLATION,37,14
LIQUOR LAW VIOLATION,50,13
LIQUOR LAW VIOLATION,39,12
LIQUOR LAW VIOLATION,9,11
LIQUOR LAW VIOLATION,47,8
LIQUOR LAW VIOLATION,36,4
MOTOR VEHICLE THEFT,,32746
MOTOR VEHICLE THEFT,25,18767
MOTOR VEHICLE THEFT,24,11892
MOTOR VEHICLE THEFT,28,11229
MOTOR VEHICLE THEFT,43,10982
MOTOR VEHICLE THEFT,23,10518
MOTOR VEHICLE THEFT,69,9899
MOTOR VEHICLE THEFT,71,9778
MOTOR VEHICLE THEFT,19,9466
MOTOR VEHICLE THEFT,66,9444
MOTOR VEHICLE THEFT,22,9376
MOTOR VEHICLE THEFT,49,9087
MOTOR VEHICLE THEFT,44,8898
MOTOR VEHICLE THEFT,29,8204
MOTOR VEHICLE THEFT,67,8051
MOTOR VEHICLE THEFT,68,7842
MOTOR VEHICLE THEFT,30,7547
MOTOR VEHICLE THEFT,8,6410
MOTOR VEHICLE THEFT,61,6396
MOTOR VEHICLE THEFT,16,5975
MOTOR VEHICLE THEFT,27,5893
MOTOR VEHICLE THEFT,46,5859
MOTOR VEHICLE THEFT,6,5701
MOTOR VEHICLE THEFT,53,5672
MOTOR VEHICLE THEFT,15,5274
MOTOR VEHICLE THEFT,26,5266
MOTOR VEHICLE THEFT,38,5150
MOTOR VEHICLE THEFT,73,4989
MOTOR VEHICLE THEFT,21,4976
MOTOR VEHICLE THEFT,58,4807
MOTOR VEHICLE THEFT,7,4715
MOTOR VEHICLE THEFT,2,4634
MOTOR VEHICLE THEFT,42,4617
MOTOR VEHICLE THEFT,63,4464
MOTOR VEHICLE THEFT,31,4360
MOTOR VEHICLE THEFT,70,3834
MOTOR VEHICLE THEFT,40,3805
MOTOR VEHICLE THEFT,14,3763
MOTOR VEHICLE THEFT,3,3610
MOTOR VEHICLE THEFT,35,3502
MOTOR VEHICLE THEFT,1,3381
MOTOR VEHICLE THEFT,32,3261
MOTOR VEHICLE THEFT,20,3126
MOTOR VEHICLE THEFT,65,3070
MOTOR VEHICLE THEFT,48,2887
MOTOR VEHICLE THEFT,56,2792
MOTOR VEHICLE THEFT,41,2719
MOTOR VEHICLE THEFT,77,2678
MOTOR VEHICLE THEFT,75,2621
MOTOR VEHICLE THEFT,4,2384
MOTOR VEHICLE THEFT,60,2350
MOTOR VEHICLE THEFT,33,2344
MOTOR VEHICLE THEFT,51,2324
MOTOR VEHICLE THEFT,17,2308
MOTOR VEHICLE THEFT,45,2268
MOTOR VEHICLE THEFT,39,2218
MOTOR VEHICLE THEFT,5,1925
MOTOR VEHICLE THEFT,57,1872
MOTOR VEHICLE THEFT,59,1797
MOTOR VEHICLE THEFT,76,1762
MOTOR VEHICLE THEFT,62,1689
MOTOR VEHICLE THEFT,52,1604
MOTOR VEHICLE THEFT,34,1537
MOTOR VEHICLE THEFT,50,1449
MOTOR VEHICLE THEFT,11,1369
MOTOR VEHICLE THEFT,64,1360
MOTOR VEHICLE THEFT,13,1328
MOTOR VEHICLE THEFT,18,1319
MOTOR VEHICLE THEFT,72,1293
MOTOR VEHICLE THEFT,54,1187
MOTOR VEHICLE THEFT,37,1146
MOTOR VEHICLE THEFT,10,988
MOTOR VEHICLE THEFT,36,971
MOTOR VEHICLE THEFT,55,725
MOTOR VEHICLE THEFT,47,547
MOTOR VEHICLE THEFT,12,526
MOTOR VEHICLE THEFT,74,391
MOTOR VEHICLE THEFT,9,205
NARCOTICS,25,93332
NARCOTICS,,67323
NARCOTICS,23,50136
NARCOTICS,29,45626
NARCOTICS,26,36678
NARCOTICS,27,29925
NARCOTICS,67,25405
NARCOTICS,68,20679
NARCOTICS,71,19917
NARCOTICS,49,19644
NARCOTICS,43,18803
NARCOTICS,66,18057
NARCOTICS,61,17320
NARCOTICS,69,15714
NARCOTICS,28,12979
NARCOTICS,42,12731
NARCOTICS,35,12701
NARCOTICS,46,12166
NARCOTICS,53,11585
NARCOTICS,44,11480
NARCOTICS,3,10782
NARCOTICS,8,10564
NARCOTICS,38,9777
NARCOTICS,1,9701
NARCOTICS,24,9565
NARCOTICS,30,9462
NARCOTICS,19,7603
NARCOTICS,40,7178
NARCOTICS,73,7075
NARCOTICS,22,6803
NARCOTICS,63,5547
NARCOTICS,15,5425
NARCOTICS,58,4675
NARCOTICS,31,4301
NARCOTICS,2,4109
NARCOTICS,75,4062
NARCOTICS,6,3969
NARCOTICS,32,3776
NARCOTICS,16,3661
NARCOTICS,37,3496
NARCOTICS,56,3490
NARCOTICS,33,3381
NARCOTICS,14,3376
NARCOTICS,77,3149
NARCOTICS,20,3102
NARCOTICS,51,2782
NARCOTICS,21,2770
NARCOTICS,76,2719
NARCOTICS,70,2426
NARCOTICS,52,2374
NARCOTICS,48,2101
NARCOTICS,54,2077
NARCOTICS,39,1940
NARCOTICS,60,1851
NARCOTICS,65,1817
NARCOTICS,4,1814
NARCOTICS,45,1796
NARCOTICS,59,1755
NARCOTICS,7,1674
NARCOTICS,34,1526
NARCOTICS,17,1483
NARCOTICS,50,1473
NARCOTICS,5,1465
NARCOTICS,62,1252
NARCOTICS,64,1054
NARCOTICS,36,1049
NARCOTICS,57,1016
NARCOTICS,13,1012
NARCOTICS,41,1007
NARCOTICS,47,984
NARCOTICS,11,943
NARCOTICS,55,812
NARCOTICS,10,762
NARCOTICS,72,597
NARCOTICS,74,526
NARCOTICS,18,452
NARCOTICS,12,334
NARCOTICS,9,85
NON - CRIMINAL,66,5
NON - CRIMINAL,11,3
NON - CRIMINAL,70,3
NON - CRIMINAL,50,2
NON - CRIMINAL,29,2
NON - CRIMINAL,60,2
NON - CRIMINAL,22,1
NON - CRIMINAL,28,1
NON - CRIMINAL,56,1
NON - CRIMINAL,15,1
NON - CRIMINAL,31,1
NON - CRIMINAL,25,1
NON - CRIMINAL,43,1
NON - CRIMINAL,76,1
NON - CRIMINAL,27,1
NON - CRIMINAL,51,1
NON - CRIMINAL,63,1
NON - CRIMINAL,35,1
NON - CRIMINAL,8,1
NON - CRIMINAL,24,1
NON - CRIMINAL,64,1
NON - CRIMINAL,30,1
NON - CRIMINAL,49,1
NON - CRIMINAL,23,1
NON - CRIMINAL,37,1
NON - CRIMINAL,26,1
NON - CRIMINAL,58,1
NON-CRIMINAL,76,20
NON-CRIMINAL,8,14
NON-CRIMINAL,6,13
NON-CRIMINAL,32,10
NON-CRIMINAL,19,9
NON-CRIMINAL,28,8
NON-CRIMINAL,66,7
NON-CRIMINAL,3,5
NON-CRIMINAL,25,5
NON-CRIMINAL,56,5
NON-CRIMINAL,24,4
NON-CRIMINAL,29,4
NON-CRIMINAL,10,4
NON-CRIMINAL,30,4
NON-CRIMINAL,22,3
NON-CRIMINAL,4,3
NON-CRIMINAL,33,3
NON-CRIMINAL,61,3
NON-CRIMINAL,5,3
NON-CRIMINAL,50,3
NON-CRIMINAL,20,2
NON-CRIMINAL,44,2
NON-CRIMINAL,14,2
NON-CRIMINAL,1,2
NON-CRIMINAL,60,2
NON-CRIMINAL,35,2
NON-CRIMINAL,42,2
NON-CRIMINAL,12,2
NON-CRIMINAL,77,2
NON-CRIMINAL,51,2
NON-CRIMINAL,67,2
NON-CRIMINAL,71,2
NON-CRIMINAL,69,2
NON-CRIMINAL,75,2
NON-CRIMINAL,11,2
NON-CRIMINAL,13,2
NON-CRIMINAL,2,1
NON-CRIMINAL,7,1
NON-CRIMINAL,31,1
NON-CRIMINAL,39,1
NON-CRIMINAL,37,1
NON-CRIMINAL,43,1
NON-CRIMINAL,65,1
NON-CRIMINAL,73,1
NON-CRIMINAL,15,1
NON-CRIMINAL,17,1
NON-CRIMINAL,72,1
NON-CRIMINAL,55,1
NON-CRIMINAL,36,1
NON-CRIMINAL,57,1
NON-CRIMINAL,34,1
NON-CRIMINAL,48,1
NON-CRIMINAL,59,1
NON-CRIMINAL,16,1
NON-CRIMINAL,23,1
NON-CRIMINAL,49,1
NON-CRIMINAL (SUBJECT SPECIFIED),23,2
NON-CRIMINAL (SUBJECT SPECIFIED),61,1
NON-CRIMINAL (SUBJECT SPECIFIED),65,1
NON-CRIMINAL (SUBJECT SPECIFIED),2,1
NON-CRIMINAL (SUBJECT SPECIFIED),50,1
NON-CRIMINAL (SUBJECT SPECIFIED),60,1
NON-CRIMINAL (SUBJECT SPECIFIED),37,1
NON-CRIMINAL (SUBJECT SPECIFIED),27,1
OBSCENITY,25,33
OBSCENITY,,26
OBSCENITY,28,26
OBSCENITY,43,24
OBSCENITY,2,24
OBSCENITY,66,22
OBSCENITY,24,21
OBSCENITY,15,20
OBSCENITY,8,19
OBSCENITY,29,18
OBSCENITY,70,18
OBSCENITY,6,17
OBSCENITY,61,17
OBSCENITY,1,16
OBSCENITY,23,16
OBSCENITY,49,15
OBSCENITY,22,15
OBSCENITY,58,15
OBSCENITY,32,14
OBSCENITY,63,14
OBSCENITY,38,14
OBSCENITY,31,14
OBSCENITY,71,14
OBSCENITY,3,14
OBSCENITY,16,14
OBSCENITY,21,13
OBSCENITY,5,13
OBSCENITY,30,12
OBSCENITY,44,12
OBSCENITY,27,12
OBSCENITY,19,12
OBSCENITY,68,12
OBSCENITY,75,11
OBSCENITY,60,11
OBSCENITY,11,11
OBSCENITY,67,11
OBSCENITY,65,10
OBSCENITY,42,10
OBSCENITY,69,10
OBSCENITY,40,9
OBSCENITY,56,9
OBSCENITY,41,9
OBSCENITY,7,9
OBSCENITY,20,8
OBSCENITY,17,8
OBSCENITY,46,8
OBSCENITY,77,8
OBSCENITY,73,8
OBSCENITY,62,8
OBSCENITY,33,8
OBSCENITY,39,7
OBSCENITY,14,7
OBSCENITY,64,7
OBSCENITY,74,6
OBSCENITY,57,6
OBSCENITY,4,6
OBSCENITY,26,6
OBSCENITY,10,6
OBSCENITY,48,5
OBSCENITY,35,5
OBSCENITY,45,4
OBSCENITY,54,4
OBSCENITY,13,4
OBSCENITY,55,4
OBSCENITY,18,3
OBSCENITY,59,3
OBSCENITY,37,3
OBSCENITY,72,3
OBSCENITY,53,3
OBSCENITY,52,3
OBSCENITY,76,3
OBSCENITY,34,3
OBSCENITY,50,3
OBSCENITY,36,3
OBSCENITY,51,2
OBSCENITY,9,2
OBSCENITY,12,1
OFFENSE INVOLVING CHILDREN,25,3015
OFFENSE INVOLVING CHILDREN,,2573
OFFENSE INVOLVING CHILDREN,43,2152
OFFENSE INVOLVING CHILDREN,71,2001
OFFENSE INVOLVING CHILDREN,23,1710
OFFENSE INVOLVING CHILDREN,49,1624
OFFENSE INVOLVING CHILDREN,66,1603
OFFENSE INVOLVING CHILDREN,69,1590
OFFENSE INVOLVING CHILDREN,46,1511
OFFENSE INVOLVING CHILDREN,67,1508
OFFENSE INVOLVING CHILDREN,19,1423
OFFENSE INVOLVING CHILDREN,68,1408
OFFENSE INVOLVING CHILDREN,29,1387
OFFENSE INVOLVING CHILDREN,30,1362
OFFENSE INVOLVING CHILDREN,61,1323
OFFENSE INVOLVING CHILDREN,44,1204
OFFENSE INVOLVING CHILDREN,53,1185
OFFENSE INVOLVING CHILDREN,42,1106
OFFENSE INVOLVING CHILDREN,22,1072
OFFENSE INVOLVING CHILDREN,28,1065
OFFENSE INVOLVING CHILDREN,73,849
OFFENSE INVOLVING CHILDREN,58,833
OFFENSE INVOLVING CHILDREN,24,823
OFFENSE INVOLVING CHILDREN,15,763
OFFENSE INVOLVING CHILDREN,27,756
OFFENSE INVOLVING CHILDREN,1,755
OFFENSE INVOLVING CHILDREN,63,742
OFFENSE INVOLVING CHILDREN,2,723
OFFENSE INVOLVING CHILDREN,75,706
OFFENSE INVOLVING CHILDREN,26,704
OFFENSE INVOLVING CHILDREN,70,639
OFFENSE INVOLVING CHILDREN,38,615
OFFENSE INVOLVING CHILDREN,16,610
OFFENSE INVOLVING CHILDREN,40,596
OFFENSE INVOLVING CHILDREN,8,593
OFFENSE INVOLVING CHILDREN,3,585
OFFENSE INVOLVING CHILDREN,51,578
OFFENSE INVOLVING CHILDREN,14,571
OFFENSE INVOLVING CHILDREN,31,554
OFFENSE INVOLVING CHILDREN,65,539
OFFENSE INVOLVING CHILDREN,20,529
OFFENSE INVOLVING CHILDREN,52,521
OFFENSE INVOLVING CHILDREN,21,509
OFFENSE INVOLVING CHILDREN,56,418
OFFENSE INVOLVING CHILDREN,35,404
OFFENSE INVOLVING CHILDREN,50,387
OFFENSE INVOLVING CHILDREN,77,373
OFFENSE INVOLVING CHILDREN,48,372
OFFENSE INVOLVING CHILDREN,54,369
OFFENSE INVOLVING CHILDREN,64,353
OFFENSE INVOLVING CHILDREN,17,350
OFFENSE INVOLVING CHILDREN,39,337
OFFENSE INVOLVING CHILDREN,45,324
OFFENSE INVOLVING CHILDREN,60,309
OFFENSE INVOLVING CHILDREN,72,304
OFFENSE INVOLVING CHILDREN,6,293
OFFENSE INVOLVING CHILDREN,4,284
OFFENSE INVOLVING CHILDREN,74,281
OFFENSE INVOLVING CHILDREN,41,276
OFFENSE INVOLVING CHILDREN,10,276
OFFENSE INVOLVING CHILDREN,11,275
OFFENSE INVOLVING CHILDREN,33,244
OFFENSE INVOLVING CHILDREN,59,238
OFFENSE INVOLVING CHILDREN,7,226
OFFENSE INVOLVING CHILDREN,62,226
OFFENSE INVOLVING CHILDREN,5,224
OFFENSE INVOLVING CHILDREN,57,211
OFFENSE INVOLVING CHILDREN,55,205
OFFENSE INVOLVING CHILDREN,37,203
OFFENSE INVOLVING CHILDREN,36,195
OFFENSE INVOLVING CHILDREN,32,192
OFFENSE INVOLVING CHILDREN,13,182
OFFENSE INVOLVING CHILDREN,18,154
OFFENSE INVOLVING CHILDREN,34,109
OFFENSE INVOLVING CHILDREN,76,105
OFFENSE INVOLVING CHILDREN,47,99
OFFENSE INVOLVING CHILDREN,12,88
OFFENSE INVOLVING CHILDREN,9,60
OTHER NARCOTIC VIOLATION,6,17
OTHER NARCOTIC VIOLATION,32,16
OTHER NARCOTIC VIOLATION,24,9
OTHER NARCOTIC VIOLATION,,9
OTHER NARCOTIC VIOLATION,8,8
OTHER NARCOTIC VIOLATION,23,7
OTHER NARCOTIC VIOLATION,13,7
OTHER NARCOTIC VIOLATION,14,6
OTHER NARCOTIC VIOLATION,1,5
OTHER NARCOTIC VIOLATION,15,5
OTHER NARCOTIC VIOLATION,22,5
OTHER NARCOTIC VIOLATION,3,4
OTHER NARCOTIC VIOLATION,28,4
OTHER NARCOTIC VIOLATION,11,3
OTHER NARCOTIC VIOLATION,7,3
OTHER NARCOTIC VIOLATION,46,3
OTHER NARCOTIC VIOLATION,33,3
OTHER NARCOTIC VIOLATION,25,3
OTHER NARCOTIC VIOLATION,4,2
OTHER NARCOTIC VIOLATION,19,2
OTHER NARCOTIC VIOLATION,16,2
OTHER NARCOTIC VIOLATION,17,2
OTHER NARCOTIC VIOLATION,31,2
OTHER NARCOTIC VIOLATION,52,2
OTHER NARCOTIC VIOLATION,74,1
OTHER NARCOTIC VIOLATION,71,1
OTHER NARCOTIC VIOLATION,20,1
OTHER NARCOTIC VIOLATION,77,1
OTHER NARCOTIC VIOLATION,54,1
OTHER NARCOTIC VIOLATION,26,1
OTHER NARCOTIC VIOLATION,49,1
OTHER NARCOTIC VIOLATION,56,1
OTHER NARCOTIC VIOLATION,37,1
OTHER NARCOTIC VIOLATION,38,1
OTHER NARCOTIC VIOLATION,58,1
OTHER NARCOTIC VIOLATION,30,1
OTHER NARCOTIC VIOLATION,44,1
OTHER NARCOTIC VIOLATION,43,1
OTHER NARCOTIC VIOLATION,2,1
OTHER NARCOTIC VIOLATION,69,1
OTHER NARCOTIC VIOLATION,70,1
OTHER NARCOTIC VIOLATION,76,1
OTHER NARCOTIC VIOLATION,65,1
OTHER NARCOTIC VIOLATION,61,1
OTHER OFFENSE,,39594
OTHER OFFENSE,25,27343
OTHER OFFENSE,43,17090
OTHER OFFENSE,71,13838
OTHER OFFENSE,49,12498
OTHER OFFENSE,23,12120
OTHER OFFENSE,69,11728
OTHER OFFENSE,67,11689
OTHER OFFENSE,29,11496
OTHER OFFENSE,66,11335
OTHER OFFENSE,28,10925
OTHER OFFENSE,68,10724
OTHER OFFENSE,44,9943
OTHER OFFENSE,19,9920
OTHER OFFENSE,30,9347
OTHER OFFENSE,46,9230
OTHER OFFENSE,24,8946
OTHER OFFENSE,8,8941
OTHER OFFENSE,22,8254
OTHER OFFENSE,53,8252
OTHER OFFENSE,61,8097
OTHER OFFENSE,42,7960
OTHER OFFENSE,15,7735
OTHER OFFENSE,1,7480
OTHER OFFENSE,32,7030
OTHER OFFENSE,2,6745
OTHER OFFENSE,76,6720
OTHER OFFENSE,27,6716
OTHER OFFENSE,73,6538
OTHER OFFENSE,3,6413
OTHER OFFENSE,6,6377
OTHER OFFENSE,38,6224
OTHER OFFENSE,26,5789
OTHER OFFENSE,16,5508
OTHER OFFENSE,70,5114
OTHER OFFENSE,77,5086
OTHER OFFENSE,40,4544
OTHER OFFENSE,75,4534
OTHER OFFENSE,58,4483
OTHER OFFENSE,35,4454
OTHER OFFENSE,14,4448
OTHER OFFENSE,17,4300
OTHER OFFENSE,21,4192
OTHER OFFENSE,63,4094
OTHER OFFENSE,31,4056
OTHER OFFENSE,7,3793
OTHER OFFENSE,56,3699
OTHER OFFENSE,4,3579
OTHER OFFENSE,51,3526
OTHER OFFENSE,20,3431
OTHER OFFENSE,39,3261
OTHER OFFENSE,60,3217
OTHER OFFENSE,33,3198
OTHER OFFENSE,65,3188
OTHER OFFENSE,48,2987
OTHER OFFENSE,10,2953
OTHER OFFENSE,41,2910
OTHER OFFENSE,52,2787
OTHER OFFENSE,11,2693
OTHER OFFENSE,64,2661
OTHER OFFENSE,5,2581
OTHER OFFENSE,45,2573
OTHER OFFENSE,72,2249
OTHER OFFENSE,50,2241
OTHER OFFENSE,54,2192
OTHER OFFENSE,62,1707
OTHER OFFENSE,59,1655
OTHER OFFENSE,74,1652
OTHER OFFENSE,13,1567
OTHER OFFENSE,18,1483
OTHER OFFENSE,36,1411
OTHER OFFENSE,55,1375
OTHER OFFENSE,57,1361
OTHER OFFENSE,34,1121
OTHER OFFENSE,12,1071
OTHER OFFENSE,37,978
OTHER OFFENSE,9,813
OTHER OFFENSE,47,748
PROSTITUTION,25,8038
PROSTITUTION,,8016
PROSTITUTION,8,3918
PROSTITUTION,26,3818
PROSTITUTION,27,3193
PROSTITUTION,23,3105
PROSTITUTION,56,2921
PROSTITUTION,58,2214
PROSTITUTION,61,2205
PROSTITUTION,67,2174
PROSTITUTION,24,2099
PROSTITUTION,38,2066
PROSTITUTION,68,2033
PROSTITUTION,28,1861
PROSTITUTION,22,1560
PROSTITUTION,29,1475
PROSTITUTION,49,1410
PROSTITUTION,19,1338
PROSTITUTION,40,1280
PROSTITUTION,30,1251
PROSTITUTION,53,1051
PROSTITUTION,43,1048
PROSTITUTION,71,1001
PROSTITUTION,1,931
PROSTITUTION,20,842
PROSTITUTION,3,797
PROSTITUTION,42,634
PROSTITUTION,6,628
PROSTITUTION,31,587
PROSTITUTION,14,577
PROSTITUTION,66,561
PROSTITUTION,57,552
PROSTITUTION,46,512
PROSTITUTION,32,510
PROSTITUTION,69,481
PROSTITUTION,44,402
PROSTITUTION,15,365
PROSTITUTION,7,344
PROSTITUTION,21,281
PROSTITUTION,60,215
PROSTITUTION,4,197
PROSTITUTION,63,172
PROSTITUTION,77,150
PROSTITUTION,2,140
PROSTITUTION,5,126
PROSTITUTION,73,114
PROSTITUTION,16,88
PROSTITUTION,35,76
PROSTITUTION,33,56
PROSTITUTION,13,48
PROSTITUTION,34,44
PROSTITUTION,70,41
PROSTITUTION,10,35
PROSTITUTION,37,35
PROSTITUTION,59,32
PROSTITUTION,76,30
PROSTITUTION,65,20
PROSTITUTION,18,16
PROSTITUTION,45,15
PROSTITUTION,75,14
PROSTITUTION,17,12
PROSTITUTION,64,11
PROSTITUTION,39,10
PROSTITUTION,11,10
PROSTITUTION,12,8
PROSTITUTION,62,7
PROSTITUTION,51,7
PROSTITUTION,9,6
PROSTITUTION,50,5
PROSTITUTION,41,4
PROSTITUTION,54,4
PROSTITUTION,52,3
PROSTITUTION,74,3
PROSTITUTION,47,2
PROSTITUTION,72,2
PROSTITUTION,55,2
PROSTITUTION,48,2
PUBLIC INDECENCY,32,19
PUBLIC INDECENCY,8,18
PUBLIC INDECENCY,,12
PUBLIC INDECENCY,6,9
PUBLIC INDECENCY,7,8
PUBLIC INDECENCY,25,7
PUBLIC INDECENCY,44,7
PUBLIC INDECENCY,24,6
PUBLIC INDECENCY,61,5
PUBLIC INDECENCY,28,5
PUBLIC INDECENCY,30,5
PUBLIC INDECENCY,22,5
PUBLIC INDECENCY,4,4
PUBLIC INDECENCY,69,4
PUBLIC INDECENCY,65,3
PUBLIC INDECENCY,1,3
PUBLIC INDECENCY,71,3
PUBLIC INDECENCY,38,3
PUBLIC INDECENCY,19,3
PUBLIC INDECENCY,68,3
PUBLIC INDECENCY,43,3
PUBLIC INDECENCY,58,3
PUBLIC INDECENCY,41,2
PUBLIC INDECENCY,31,2
PUBLIC INDECENCY,50,2
PUBLIC INDECENCY,57,2
PUBLIC INDECENCY,23,2
PUBLIC INDECENCY,49,2
PUBLIC INDECENCY,75,2
PUBLIC INDECENCY,27,2
PUBLIC INDECENCY,34,2
PUBLIC INDECENCY,29,2
PUBLIC INDECENCY,26,2
PUBLIC INDECENCY,67,2
PUBLIC INDECENCY,77,2
PUBLIC INDECENCY,2,2
PUBLIC INDECENCY,64,2
PUBLIC INDECENCY,51,2
PUBLIC INDECENCY,3,2
PUBLIC INDECENCY,17,1
PUBLIC INDECENCY,73,1
PUBLIC INDECENCY,11,1
PUBLIC INDECENCY,62,1
PUBLIC INDECENCY,36,1
PUBLIC INDECENCY,37,1
PUBLIC INDECENCY,42,1
PUBLIC INDECENCY,35,1
PUBLIC INDECENCY,16,1
PUBLIC INDECENCY,5,1
PUBLIC INDECENCY,45,1
PUBLIC INDECENCY,10,1
PUBLIC INDECENCY,72,1
PUBLIC INDECENCY,54,1
PUBLIC INDECENCY,63,1
PUBLIC INDECENCY,60,1
PUBLIC INDECENCY,39,1
PUBLIC INDECENCY,14,1
PUBLIC INDECENCY,15,1
PUBLIC INDECENCY,33,1
PUBLIC INDECENCY,40,1
PUBLIC INDECENCY,53,1
PUBLIC INDECENCY,21,1
PUBLIC PEACE VIOLATION,,3406
PUBLIC PEACE VIOLATION,25,2737
PUBLIC PEACE VIOLATION,30,2602
PUBLIC PEACE VIOLATION,66,1625
PUBLIC PEACE VIOLATION,32,1483
PUBLIC PEACE VIOLATION,61,1478
PUBLIC PEACE VIOLATION,23,1448
PUBLIC PEACE VIOLATION,29,1383
PUBLIC PEACE VIOLATION,28,1366
PUBLIC PEACE VIOLATION,8,1345
PUBLIC PEACE VIOLATION,67,1326
PUBLIC PEACE VIOLATION,68,1310
PUBLIC PEACE VIOLATION,71,1209
PUBLIC PEACE VIOLATION,43,1197
PUBLIC PEACE VIOLATION,49,1146
PUBLIC PEACE VIOLATION,69,1133
PUBLIC PEACE VIOLATION,31,1075
PUBLIC PEACE VIOLATION,19,1059
PUBLIC PEACE VIOLATION,42,1031
PUBLIC PEACE VIOLATION,24,1024
PUBLIC PEACE VIOLATION,46,975
PUBLIC PEACE VIOLATION,6,956
PUBLIC PEACE VIOLATION,63,952
PUBLIC PEACE VIOLATION,3,890
PUBLIC PEACE VIOLATION,22,867
PUBLIC PEACE VIOLATION,27,805
PUBLIC PEACE VIOLATION,58,803
PUBLIC PEACE VIOLATION,44,715
PUBLIC PEACE VIOLATION,26,704
PUBLIC PEACE VIOLATION,1,638
PUBLIC PEACE VIOLATION,53,627
PUBLIC PEACE VIOLATION,16,619
PUBLIC PEACE VIOLATION,14,592
PUBLIC PEACE VIOLATION,73,525
PUBLIC PEACE VIOLATION,15,522
PUBLIC PEACE VIOLATION,77,512
PUBLIC PEACE VIOLATION,70,496
PUBLIC PEACE VIOLATION,2,469
PUBLIC PEACE VIOLATION,38,444
PUBLIC PEACE VIOLATION,76,441
PUBLIC PEACE VIOLATION,20,439
PUBLIC PEACE VIOLATION,56,421
PUBLIC PEACE VIOLATION,4,412
PUBLIC PEACE VIOLATION,75,401
PUBLIC PEACE VIOLATION,21,398
PUBLIC PEACE VIOLATION,7,391
PUBLIC PEACE VIOLATION,35,377
PUBLIC PEACE VIOLATION,40,376
PUBLIC PEACE VIOLATION,52,355
PUBLIC PEACE VIOLATION,65,328
PUBLIC PEACE VIOLATION,60,315
PUBLIC PEACE VIOLATION,45,304
PUBLIC PEACE VIOLATION,51,276
PUBLIC PEACE VIOLATION,62,263
PUBLIC PEACE VIOLATION,33,224
PUBLIC PEACE VIOLATION,50,220
PUBLIC PEACE VIOLATION,5,217
PUBLIC PEACE VIOLATION,57,198
PUBLIC PEACE VIOLATION,17,197
PUBLIC PEACE VIOLATION,64,195
PUBLIC PEACE VIOLATION,59,164
PUBLIC PEACE VIOLATION,37,163
PUBLIC PEACE VIOLATION,11,161
PUBLIC PEACE VIOLATION,54,161
PUBLIC PEACE VIOLATION,48,155
PUBLIC PEACE VIOLATION,10,151
PUBLIC PEACE VIOLATION,39,148
PUBLIC PEACE VIOLATION,13,141
PUBLIC PEACE VIOLATION,41,131
PUBLIC PEACE VIOLATION,34,127
PUBLIC PEACE VIOLATION,72,126
PUBLIC PEACE VIOLATION,55,106
PUBLIC PEACE VIOLATION,74,93
PUBLIC PEACE VIOLATION,18,92
PUBLIC PEACE VIOLATION,47,75
PUBLIC PEACE VIOLATION,36,55
PUBLIC PEACE VIOLATION,12,51
PUBLIC PEACE VIOLATION,9,40
RITUALISM,,8
RITUALISM,46,2
RITUALISM,8,2
RITUALISM,25,1
RITUALISM,69,1
RITUALISM,67,1
RITUALISM,44,1
RITUALISM,50,1
RITUALISM,27,1
RITUALISM,68,1
RITUALISM,22,1
RITUALISM,51,1
RITUALISM,26,1
RITUALISM,71,1
RITUALISM,53,1
ROBBERY,,23271
ROBBERY,25,19229
ROBBERY,43,10494
ROBBERY,71,9137
ROBBERY,69,9022
ROBBERY,23,8704
ROBBERY,29,8670
ROBBERY,66,8341
ROBBERY,44,8262
ROBBERY,68,8233
ROBBERY,67,8129
ROBBERY,49,8103
ROBBERY,24,8043
ROBBERY,28,7622
ROBBERY,8,6754
ROBBERY,26,6333
ROBBERY,27,5600
ROBBERY,22,5423
ROBBERY,6,5401
ROBBERY,61,5101
ROBBERY,46,5088
ROBBERY,30,5007
ROBBERY,32,4945
ROBBERY,42,4893
ROBBERY,1,4596
ROBBERY,19,4433
ROBBERY,38,4312
ROBBERY,53,4120
ROBBERY,40,3545
ROBBERY,73,3480
ROBBERY,7,3250
ROBBERY,3,3170
ROBBERY,2,2971
ROBBERY,35,2963
ROBBERY,70,2768
ROBBERY,21,2722
ROBBERY,63,2625
ROBBERY,41,2590
ROBBERY,58,2517
ROBBERY,77,2422
ROBBERY,14,2421
ROBBERY,16,2333
ROBBERY,15,2131
ROBBERY,31,2040
ROBBERY,48,2039
ROBBERY,45,1954
ROBBERY,34,1734
ROBBERY,65,1731
ROBBERY,75,1699
ROBBERY,39,1668
ROBBERY,51,1556
ROBBERY,56,1475
ROBBERY,20,1448
ROBBERY,33,1359
ROBBERY,37,1221
ROBBERY,4,1164
ROBBERY,54,1120
ROBBERY,60,994
ROBBERY,62,993
ROBBERY,57,971
ROBBERY,5,965
ROBBERY,50,839
ROBBERY,72,801
ROBBERY,59,751
ROBBERY,17,747
ROBBERY,52,641
ROBBERY,36,539
ROBBERY,13,527
ROBBERY,11,477
ROBBERY,64,432
ROBBERY,18,367
ROBBERY,47,366
ROBBERY,10,294
ROBBERY,55,250
ROBBERY,74,225
ROBBERY,76,183
ROBBERY,12,130
ROBBERY,9,41
SEX OFFENSE,,2557
SEX OFFENSE,25,1300
SEX OFFENSE,24,852
SEX OFFENSE,8,820
SEX OFFENSE,3,793
SEX OFFENSE,28,753
SEX OFFENSE,43,730
SEX OFFENSE,30,726
SEX OFFENSE,19,704
SEX OFFENSE,32,701
SEX OFFENSE,23,699
SEX OFFENSE,66,680
SEX OFFENSE,22,679
SEX OFFENSE,61,663
SEX OFFENSE,29,647
SEX OFFENSE,68,638
SEX OFFENSE,6,633
SEX OFFENSE,67,614
SEX OFFENSE,49,613
SEX OFFENSE,71,605
SEX OFFENSE,1,599
SEX OFFENSE,69,574
SEX OFFENSE,58,481
SEX OFFENSE,16,476
SEX OFFENSE,2,473
SEX OFFENSE,7,469
SEX OFFENSE,46,461
SEX OFFENSE,14,446
SEX OFFENSE,15,443
SEX OFFENSE,44,430
SEX OFFENSE,42,428
SEX OFFENSE,31,409
SEX OFFENSE,63,408
SEX OFFENSE,53,395
SEX OFFENSE,77,380
SEX OFFENSE,27,353
SEX OFFENSE,21,343
SEX OFFENSE,38,312
SEX OFFENSE,73,307
SEX OFFENSE,4,301
SEX OFFENSE,26,300
SEX OFFENSE,70,268
SEX OFFENSE,35,265
SEX OFFENSE,65,261
SEX OFFENSE,56,246
SEX OFFENSE,20,239
SEX OFFENSE,17,237
SEX OFFENSE,40,234
SEX OFFENSE,60,214
SEX OFFENSE,41,211
SEX OFFENSE,5,184
SEX OFFENSE,52,183
SEX OFFENSE,10,177
SEX OFFENSE,33,176
SEX OFFENSE,75,176
SEX OFFENSE,13,167
SEX OFFENSE,62,155
SEX OFFENSE,54,153
SEX OFFENSE,11,148
SEX OFFENSE,76,147
SEX OFFENSE,57,146
SEX OFFENSE,64,145
SEX OFFENSE,39,141
SEX OFFENSE,59,139
SEX OFFENSE,51,129
SEX OFFENSE,45,118
SEX OFFENSE,50,114
SEX OFFENSE,48,107
SEX OFFENSE,72,107
SEX OFFENSE,34,103
SEX OFFENSE,74,99
SEX OFFENSE,18,67
SEX OFFENSE,37,65
SEX OFFENSE,55,65
SEX OFFENSE,9,62
SEX OFFENSE,36,62
SEX OFFENSE,12,48
SEX OFFENSE,47,28
STALKING,,262
STALKING,8,175
STALKING,43,168
STALKING,25,160
STALKING,28,156
STALKING,44,154
STALKING,71,139
STALKING,32,127
STALKING,69,120
STALKING,24,117
STALKING,49,113
STALKING,29,113
STALKING,23,108
STALKING,6,103
STALKING,22,102
STALKING,27,96
STALKING,68,91
STALKING,46,89
STALKING,67,84
STALKING,30,82
STALKING,1,77
STALKING,42,74
STALKING,53,71
STALKING,2,65
STALKING,38,64
STALKING,35,63
STALKING,19,63
STALKING,66,62
STALKING,61,62
STALKING,16,61
STALKING,31,61
STALKING,15,58
STALKING,3,56
STALKING,73,55
STALKING,7,51
STALKING,77,51
STALKING,70,49
STALKING,58,49
STALKING,41,49
STALKING,33,48
STALKING,40,47
STALKING,4,44
STALKING,56,42
STALKING,26,42
STALKING,75,41
STALKING,5,41
STALKING,51,41
STALKING,63,40
STALKING,11,40
STALKING,14,40
STALKING,21,36
STALKING,60,35
STALKING,48,33
STALKING,50,33
STALKING,17,32
STALKING,54,31
STALKING,65,30
STALKING,45,30
STALKING,39,30
STALKING,76,29
STALKING,52,28
STALKING,10,28
STALKING,64,27
STALKING,20,25
STALKING,55,25
STALKING,74,23
STALKING,72,23
STALKING,62,22
STALKING,59,20
STALKING,13,18
STALKING,36,17
STALKING,34,17
STALKING,12,15
STALKING,37,14
STALKING,57,13
STALKING,9,10
STALKING,18,8
STALKING,47,7
THEFT,,122069
THEFT,8,104653
THEFT,32,89982
THEFT,28,71682
THEFT,24,69094
THEFT,25,59076
THEFT,6,54152
THEFT,7,49635
THEFT,22,43121
THEFT,43,37291
THEFT,44,32955
THEFT,71,30573
THEFT,23,29679
THEFT,49,27854
THEFT,67,27780
THEFT,3,26193
THEFT,66,26049
THEFT,29,26001
THEFT,19,25433
THEFT,69,25398
THEFT,1,24723
THEFT,68,24607
THEFT,61,23444
THEFT,2,22669
THEFT,77,20918
THEFT,15,20873
THEFT,30,19807
THEFT,46,19303
THEFT,16,18567
THEFT,27,16808
THEFT,38,16673
THEFT,21,16124
THEFT,65,16026
THEFT,42,15956
THEFT,33,15760
THEFT,35,15741
THEFT,31,15543
THEFT,41,15194
THEFT,73,15051
THEFT,53,14979
THEFT,26,14744
THEFT,4,14453
THEFT,76,13556
THEFT,14,13519
THEFT,5,13464
THEFT,70,12569
THEFT,56,12158
THEFT,75,11784
THEFT,63,11182
THEFT,58,10889
THEFT,40,10420
THEFT,39,10039
THEFT,60,9734
THEFT,17,9602
THEFT,51,8794
THEFT,10,8125
THEFT,48,7749
THEFT,59,7377
THEFT,45,7279
THEFT,34,7069
THEFT,13,6961
THEFT,11,6886
THEFT,20,6877
THEFT,72,6790
THEFT,57,6181
THEFT,62,6073
THEFT,64,5496
THEFT,50,5346
THEFT,52,5073
THEFT,37,4320
THEFT,18,3946
THEFT,74,3881
THEFT,54,3414
THEFT,12,3413
THEFT,55,3076
THEFT,36,2869
THEFT,9,1521
THEFT,47,1503
WEAPONS VIOLATION,25,7683
WEAPONS VIOLATION,,5503
WEAPONS VIOLATION,67,5260
WEAPONS VIOLATION,29,4595
WEAPONS VIOLATION,68,4524
WEAPONS VIOLATION,71,4221
WEAPONS VIOLATION,49,4194
WEAPONS VIOLATION,23,3899
WEAPONS VIOLATION,69,3738
WEAPONS VIOLATION,43,3594
WEAPONS VIOLATION,61,3328
WEAPONS VIOLATION,53,3073
WEAPONS VIOLATION,66,3062
WEAPONS VIOLATION,26,2930
WEAPONS VIOLATION,46,2604
WEAPONS VIOLATION,30,2573
WEAPONS VIOLATION,44,2571
WEAPONS VIOLATION,27,2430
WEAPONS VIOLATION,42,2022
WEAPONS VIOLATION,19,1787
WEAPONS VIOLATION,8,1552
WEAPONS VIOLATION,24,1515
WEAPONS VIOLATION,73,1499
WEAPONS VIOLATION,28,1445
WEAPONS VIOLATION,38,1400
WEAPONS VIOLATION,40,1306
WEAPONS VIOLATION,63,1237
WEAPONS VIOLATION,58,1164
WEAPONS VIOLATION,31,1121
WEAPONS VIOLATION,22,1073
WEAPONS VIOLATION,1,985
WEAPONS VIOLATION,51,933
WEAPONS VIOLATION,54,827
WEAPONS VIOLATION,75,789
WEAPONS VIOLATION,35,786
WEAPONS VIOLATION,70,751
WEAPONS VIOLATION,20,744
WEAPONS VIOLATION,45,743
WEAPONS VIOLATION,48,712
WEAPONS VIOLATION,52,666
WEAPONS VIOLATION,14,644
WEAPONS VIOLATION,56,633
WEAPONS VIOLATION,3,601
WEAPONS VIOLATION,2,594
WEAPONS VIOLATION,32,590
WEAPONS VIOLATION,15,590
WEAPONS VIOLATION,50,545
WEAPONS VIOLATION,16,532
WEAPONS VIOLATION,21,508
WEAPONS VIOLATION,37,485
WEAPONS VIOLATION,65,430
WEAPONS VIOLATION,60,428
WEAPONS VIOLATION,39,373
WEAPONS VIOLATION,6,370
WEAPONS VIOLATION,33,359
WEAPONS VIOLATION,59,355
WEAPONS VIOLATION,62,303
WEAPONS VIOLATION,57,301
WEAPONS VIOLATION,77,300
WEAPONS VIOLATION,34,290
WEAPONS VIOLATION,76,275
WEAPONS VIOLATION,7,253
WEAPONS VIOLATION,47,235
WEAPONS VIOLATION,36,232
WEAPONS VIOLATION,17,225
WEAPONS VIOLATION,41,210
WEAPONS VIOLATION,4,202
WEAPONS VIOLATION,64,197
WEAPONS VIOLATION,13,159
WEAPONS VIOLATION,55,154
WEAPONS VIOLATION,72,151
WEAPONS VIOLATION,5,151
WEAPONS VIOLATION,18,109
WEAPONS VIOLATION,11,100
WEAPONS VIOLATION,10,89
WEAPONS VIOLATION,74,73
WEAPONS VIOLATION,12,41
WEAPONS VIOLATION,9,10
